{
  "fiscal_year": 2026,
  "total_budget": 23484569599.0,
  "operating_budget": 19940818599.0,
  "capital_budget": 3543751000.0,
  "one_time_appropriations": 0.0,
  "total_positions": 133314.66999999998,
  "fund_breakdown": {
    "County Funds": 26200000.0,
    "Federal Funds": 4332364273.0,
    "General Funds": 10593637391.0,
    "General Obligation Bond Fund": 1428063000.0,
    "Interdepartmental Transfers": 99787264.0,
    "Other Federal Funds": 484315357.0,
    "Other Funds": 331973357.0,
    "Private Contributions": 25935067.0,
    "Revenue Bond Funds": 755024000.0,
    "Revolving Funds": 591518464.0,
    "Special Funds": 4386749113.0,
    "Trust Funds": 429002313.0
  },
  "department_totals": {
    "Department of Human Services": 4804441975.0,
    "Department of Budget & Finance": 4349371728.0,
    "Department of Education": 3613927838.0,
    "Department of Transportation": 3446408480.0,
    "Department of Health": 2371721494.0,
    "University of Hawaii": 1573156984.0,
    "Department of Business, Economic Development & Tourism": 658709072.0,
    "Department of Labor & Industrial Relations": 483806077.0,
    "Department of Accounting & General Services": 476758034.0,
    "Department of Land & Natural Resources": 400612895.0,
    "Department of Corrections and Rehabilitation": 330439082.0,
    "Department of Defense": 219325466.0,
    "Department of Hawaiian Home Lands": 185159472.0,
    "Department of the Attorney General": 135475160.0,
    "Department of Commerce & Consumer Affairs": 119071633.0,
    "Department of Law Enforcement": 104676615.0,
    "Department of Agriculture": 80874376.0,
    "Department of Taxation": 43315613.0,
    "Department of Human Resources Development": 37052068.0,
    "County of Kauai": 26000000.0,
    "City and County of Honolulu": 10000000.0,
    "County of Hawaii": 7000000.0,
    "Office of the Governor": 4701872.0,
    "Office of the Lieutenant Governor": 2563665.0
  },
  "num_departments": 24,
  "num_programs": 272,
  "num_records": 690,
  "metadata": {
    "generated_at": "2026-04-11T16:33:04.559329",
    "source_file": "budget_allocations_fy2026_post_veto.csv",
    "total_records": 690,
    "fiscal_year": 2026
  }
}