{
  "fiscal_year": 2027,
  "total_budget": 24849034838.0,
  "operating_budget": 20315201838.0,
  "capital_budget": 4533833000.0,
  "one_time_appropriations": 0.0,
  "total_positions": 145544.36000000002,
  "fund_breakdown": {
    "County Funds": 19900000.0,
    "Federal Funds": 4753917850.0,
    "General Funds": 10635054704.0,
    "General Obligation Bond Fund": 1514749000.0,
    "Interdepartmental Transfers": 99575169.0,
    "Other Federal Funds": 443969829.0,
    "Other Funds": 70858766.0,
    "Private Contributions": 25935067.0,
    "Revenue Bond Funds": 1479063000.0,
    "Revolving Funds": 763046682.0,
    "Special Funds": 4613679141.0,
    "Trust Funds": 429285630.0
  },
  "department_totals": {
    "Department of Human Services": 5005008129.0,
    "Department of Transportation": 4313914062.0,
    "Department of Budget and Finance": 4269002836.0,
    "Department of Education": 3749177434.0,
    "Department of Health": 2607278923.0,
    "University of Hawaii": 1578617062.0,
    "Department of Business, Economic Development, and Tourism": 612494540.0,
    "Department of Land and Natural Resources": 573133414.0,
    "Department of Labor and Industrial Relations": 482948027.0,
    "Department of Accounting and General Services": 407331494.0,
    "Department of Corrections and Rehabilitation": 322486178.0,
    "Department of Agriculture and Biosecurity": 166546681.0,
    "Department of Defense": 154133766.0,
    "Department of the Attorney General": 137759160.0,
    "Department of Hawaiian Home Lands": 131467008.0,
    "Department of Commerce and Consumer Affairs": 109182066.0,
    "Department of Law Enforcement": 102508785.0,
    "Department of Taxation": 43779325.0,
    "Department of Human Resources Development": 36028606.0,
    "County of Maui": 21000000.0,
    "County of Hawaii": 15000000.0,
    "Office of the Governor": 4932807.0,
    "City and County of Honolulu": 2800000.0,
    "Office of the Lieutenant Governor": 2504535.0
  },
  "num_departments": 24,
  "num_programs": 276,
  "num_records": 709,
  "metadata": {
    "generated_at": "2026-07-09T10:30:02.502021",
    "source_file": "HB1800 CD1 (Act 175, SLH 2026)",
    "total_records": 709,
    "fiscal_year": 2027,
    "act": "Act 175, SLH 2026",
    "bill": "HB1800"
  }
}