{
  "fiscal_year": 2026,
  "total_budget": 23151851288.0,
  "operating_budget": 19773000288.0,
  "capital_budget": 3378851000.0,
  "one_time_appropriations": 0.0,
  "total_positions": 51528.229999999996,
  "fund_breakdown": {
    "County Funds": 26200000.0,
    "Federal Funds": 4313164273.0,
    "General Funds": 10425983530.0,
    "General Obligation Bond Fund": 1427363000.0,
    "Interdepartmental Transfers": 99787264.0,
    "Other Federal Funds": 364150907.0,
    "Other Funds": 331973357.0,
    "Private Contributions": 935067.0,
    "Revenue Bond Funds": 755024000.0,
    "Revolving Funds": 591518464.0,
    "Special Funds": 4386749113.0,
    "Trust Funds": 429002313.0
  },
  "department_totals": {
    "Department of Human Services": 4804441975.0,
    "Department of Budget and Finance": 4200028389.0,
    "Department of Education": 3448927838.0,
    "Department of Transportation": 3427208480.0,
    "Department of Health": 2336721494.0,
    "University of Hawaii": 1572371984.0,
    "Department of Business, Economic Development, and Tourism": 658349072.0,
    "Department of Labor and Industrial Relations": 483806077.0,
    "Department of Accounting and General Services": 476518034.0,
    "Department of Land and Natural Resources": 441912895.0,
    "Department of Corrections and Rehabilitation": 330439082.0,
    "Department of Defense": 219325466.0,
    "Department of Hawaiian Home Lands": 185159472.0,
    "Department of the Attorney General": 135475160.0,
    "Department of Commerce and Consumer Affairs": 119071633.0,
    "Department of Law Enforcement": 101176615.0,
    "Department of Agriculture and Biosecurity": 80709926.0,
    "Department of Taxation": 43040091.0,
    "Department of Human Resources Development": 37052068.0,
    "County of Kauai": 26000000.0,
    "City and County of Honolulu": 10000000.0,
    "County of Hawaii": 7000000.0,
    "Office of the Governor": 4551872.0,
    "Office of the Lieutenant Governor": 2563665.0
  },
  "num_departments": 24,
  "num_programs": 273,
  "num_records": 687,
  "metadata": {
    "generated_at": "2026-07-09T19:17:57.508728",
    "source_file": "HB1800 CD1 (Act 175, SLH 2026)",
    "total_records": 687,
    "fiscal_year": 2026,
    "act": "Act 175, SLH 2026",
    "bill": "HB1800"
  }
}